-- phpMyAdmin SQL Dump
-- version 4.1.4
-- http://www.phpmyadmin.net
--
-- Client :  127.0.0.1
-- Généré le :  Dim 30 Avril 2023 à 16:20
-- Version du serveur :  5.6.15-log
-- Version de PHP :  5.5.8

SET SQL_MODE = "NO_AUTO_VALUE_ON_ZERO";
SET AUTOCOMMIT = 0;
START TRANSACTION;
SET time_zone = "+00:00";


/*!40101 SET @OLD_CHARACTER_SET_CLIENT=@@CHARACTER_SET_CLIENT */;
/*!40101 SET @OLD_CHARACTER_SET_RESULTS=@@CHARACTER_SET_RESULTS */;
/*!40101 SET @OLD_COLLATION_CONNECTION=@@COLLATION_CONNECTION */;
/*!40101 SET NAMES utf8 */;

--
-- Base de données :  `coran`
--

-- --------------------------------------------------------

--
-- Structure de la table `avancement`
--

CREATE TABLE IF NOT EXISTS `avancement` (
  `idAvance` int(11) NOT NULL,
  `idEtudiant` int(11) NOT NULL,
  `unite` varchar(5) COLLATE utf8_unicode_ci NOT NULL,
  `duree` varchar(10) COLLATE utf8_unicode_ci NOT NULL,
  `isActive` tinyint(1) NOT NULL
) ENGINE=MyISAM DEFAULT CHARSET=utf8 COLLATE=utf8_unicode_ci;

--
-- RELATIONS POUR LA TABLE `avancement`:
--   `idEtudiant`
--       `etudiant` -> `idEtudiant`
--

-- --------------------------------------------------------

--
-- Structure de la table `avoirgroupe`
--

CREATE TABLE IF NOT EXISTS `avoirgroupe` (
  `idEtudiant` int(11) NOT NULL,
  `idGroupe` int(11) NOT NULL,
  PRIMARY KEY (`idEtudiant`,`idGroupe`)
) ENGINE=MyISAM DEFAULT CHARSET=utf8 COLLATE=utf8_unicode_ci;

--
-- RELATIONS POUR LA TABLE `avoirgroupe`:
--   `idEtudiant`
--       `etudiant` -> `idEtudiant`
--   `idGroupe`
--       `groupe` -> `idGroupe`
--

--
-- Contenu de la table `avoirgroupe`
--

INSERT INTO `avoirgroupe` (`idEtudiant`, `idGroupe`) VALUES
(1, 1),
(2, 2),
(3, 1),
(3, 3),
(4, 3),
(5, 2),
(6, 3),
(7, 3),
(8, 3),
(9, 3),
(10, 3);

-- --------------------------------------------------------

--
-- Structure de la table `emploi`
--

CREATE TABLE IF NOT EXISTS `emploi` (
  `idEmploi` int(11) NOT NULL AUTO_INCREMENT,
  `idGroupe` int(11) NOT NULL,
  `jour` varchar(11) COLLATE utf8_unicode_ci NOT NULL,
  `heure` time NOT NULL,
  `isValid` tinyint(1) NOT NULL,
  PRIMARY KEY (`idEmploi`)
) ENGINE=MyISAM DEFAULT CHARSET=utf8 COLLATE=utf8_unicode_ci AUTO_INCREMENT=1 ;

--
-- RELATIONS POUR LA TABLE `emploi`:
--   `idGroupe`
--       `groupe` -> `idGroupe`
--

-- --------------------------------------------------------

--
-- Structure de la table `enseignante`
--

CREATE TABLE IF NOT EXISTS `enseignante` (
  `id_enseignante` int(5) NOT NULL AUTO_INCREMENT,
  `nom` varchar(20) COLLATE utf8_unicode_ci NOT NULL,
  `pseudo` varchar(20) COLLATE utf8_unicode_ci NOT NULL,
  `motdepass` varchar(20) COLLATE utf8_unicode_ci NOT NULL,
  PRIMARY KEY (`id_enseignante`),
  UNIQUE KEY `pseudo` (`pseudo`,`motdepass`)
) ENGINE=MyISAM  DEFAULT CHARSET=utf8 COLLATE=utf8_unicode_ci AUTO_INCREMENT=2 ;

--
-- Contenu de la table `enseignante`
--

INSERT INTO `enseignante` (`id_enseignante`, `nom`, `pseudo`, `motdepass`) VALUES
(1, 'zeineb', 'zizi', 'zouza');

-- --------------------------------------------------------

--
-- Structure de la table `etudiant`
--

CREATE TABLE IF NOT EXISTS `etudiant` (
  `idEtudiant` int(11) NOT NULL AUTO_INCREMENT,
  `nom` varchar(30) COLLATE utf8_unicode_ci NOT NULL,
  `age` int(3) NOT NULL,
  `niveau` varchar(30) COLLATE utf8_unicode_ci NOT NULL,
  `ancienMemorisation` varchar(40) COLLATE utf8_unicode_ci NOT NULL,
  `dispositionRecitation` varchar(20) COLLATE utf8_unicode_ci NOT NULL,
  `autreEnseignant` tinyint(1) NOT NULL,
  `uniteAv` varchar(10) COLLATE utf8_unicode_ci DEFAULT NULL,
  `dureeAv` varchar(10) COLLATE utf8_unicode_ci DEFAULT NULL,
  `dateInscription` timestamp NOT NULL DEFAULT CURRENT_TIMESTAMP,
  PRIMARY KEY (`idEtudiant`)
) ENGINE=MyISAM  DEFAULT CHARSET=utf8 COLLATE=utf8_unicode_ci AUTO_INCREMENT=12 ;

--
-- Contenu de la table `etudiant`
--

INSERT INTO `etudiant` (`idEtudiant`, `nom`, `age`, `niveau`, `ancienMemorisation`, `dispositionRecitation`, `autreEnseignant`, `uniteAv`, `dureeAv`, `dateInscription`) VALUES
(1, 'نتنتن', 15, 'لالتتنن', 'غفثقيفغ', 'هغعفغغ', 1, 'الثمن', '3ايام ', '2023-03-13 10:32:40'),
(4, '?????? ?????', 58, '?????', '????', '????', 0, 'ربع', 'اسبوع', '2023-03-18 14:27:43'),
(3, 'هناء بن مخبي', 28, 'ماستر اغلام الي', 'ما تيسر', 'مبتدئة', 0, 'الثمن', 'ثلاثة ايام', '2023-03-13 13:23:53'),
(10, '?????', 251, '???', '????', '????', 0, NULL, NULL, '2023-03-19 14:51:06'),
(11, 'rrrgy', 25, 'huhuh', 'uhuh', 'huhu', 1, NULL, NULL, '2023-03-19 14:57:10');

-- --------------------------------------------------------

--
-- Structure de la table `groupe`
--

CREATE TABLE IF NOT EXISTS `groupe` (
  `idGroupe` int(11) NOT NULL AUTO_INCREMENT,
  `idEnseignant` int(11) NOT NULL,
  `groupe` varchar(30) COLLATE utf8_unicode_ci NOT NULL,
  `lien` varchar(40) COLLATE utf8_unicode_ci NOT NULL,
  `description` varchar(40) COLLATE utf8_unicode_ci NOT NULL,
  `isActive` tinyint(1) NOT NULL,
  `dateCreation` timestamp NOT NULL DEFAULT CURRENT_TIMESTAMP ON UPDATE CURRENT_TIMESTAMP,
  PRIMARY KEY (`idGroupe`)
) ENGINE=MyISAM  DEFAULT CHARSET=utf8 COLLATE=utf8_unicode_ci AUTO_INCREMENT=6 ;

--
-- RELATIONS POUR LA TABLE `groupe`:
--   `idEnseignant`
--       `enseignante` -> `id_enseignante`
--

--
-- Contenu de la table `groupe`
--

INSERT INTO `groupe` (`idGroupe`, `idEnseignant`, `groupe`, `lien`, `description`, `isActive`, `dateCreation`) VALUES
(1, 1, 'عكاض', 'الاتلاتلات', 'لابلبلاب', 1, '2023-03-26 14:18:17'),
(2, 1, 'اتلتالتال', 'اتخنمكنم', 'حنخحح', 0, '2023-03-15 09:05:34'),
(3, 1, 'عاى مائدة القران', 'تيليغرام', 'لاشىء', 0, '2023-03-15 09:05:28'),
(4, 1, 'ramadan', 'telegram', 'kjhjghvjknlmjjbhjhjdf', 0, '2023-03-19 15:13:49'),
(5, 1, 'dede', 's', 'ssss', 0, '2023-03-19 15:19:02');

-- --------------------------------------------------------

--
-- Structure de la table `hizb`
--

CREATE TABLE IF NOT EXISTS `hizb` (
  `idHizbHuitieme` int(11) NOT NULL AUTO_INCREMENT,
  `Hizb` int(3) NOT NULL,
  `huitieme` int(3) NOT NULL,
  `idSurah` varchar(20) COLLATE utf8_unicode_ci NOT NULL,
  PRIMARY KEY (`idHizbHuitieme`)
) ENGINE=MyISAM  DEFAULT CHARSET=utf8 COLLATE=utf8_unicode_ci AUTO_INCREMENT=481 ;

--
-- Contenu de la table `hizb`
--

INSERT INTO `hizb` (`idHizbHuitieme`, `Hizb`, `huitieme`, `idSurah`) VALUES
(1, 1, 1, '1'),
(8, 1, 8, '2'),
(9, 2, 1, '2'),
(17, 3, 1, '2'),
(25, 4, 1, '2'),
(33, 5, 1, '2'),
(40, 5, 8, '3'),
(2, 1, 2, '2'),
(3, 1, 3, '2'),
(4, 1, 4, '2'),
(5, 1, 5, '2'),
(6, 1, 6, '2'),
(7, 1, 7, '2'),
(10, 2, 2, '0'),
(11, 2, 3, '0'),
(12, 2, 4, '0'),
(13, 2, 5, '0'),
(14, 2, 6, '0'),
(15, 2, 7, '0'),
(16, 2, 8, '0'),
(18, 3, 2, '0'),
(19, 3, 3, '0'),
(20, 3, 4, '0'),
(21, 3, 5, '0'),
(22, 3, 6, '0'),
(23, 3, 7, '0'),
(24, 3, 8, '0'),
(26, 4, 2, '0'),
(27, 4, 3, '0'),
(28, 4, 4, '0'),
(29, 4, 5, '0'),
(30, 4, 6, '0'),
(31, 4, 7, '0'),
(32, 4, 8, '0'),
(34, 5, 2, '0'),
(35, 5, 3, '0'),
(36, 5, 4, '0'),
(37, 5, 5, '0'),
(38, 5, 6, '0'),
(39, 5, 7, '0'),
(41, 6, 1, '0'),
(42, 6, 2, '0'),
(43, 6, 3, '0'),
(44, 6, 4, '0'),
(45, 6, 5, '0'),
(46, 6, 6, '0'),
(47, 6, 7, '0'),
(48, 6, 8, '0'),
(49, 7, 1, '0'),
(50, 7, 2, '0'),
(51, 7, 3, '0'),
(52, 7, 4, '0'),
(53, 7, 5, '0'),
(54, 7, 6, '0'),
(55, 7, 7, '0'),
(56, 7, 8, '0'),
(57, 8, 1, '0'),
(58, 8, 2, '0'),
(59, 8, 3, '0'),
(60, 8, 4, '0'),
(61, 8, 5, '0'),
(62, 8, 6, '0'),
(63, 8, 7, '0'),
(64, 8, 8, '0'),
(65, 9, 1, '0'),
(66, 9, 2, '0'),
(67, 9, 3, '0'),
(68, 9, 4, '0'),
(69, 9, 5, '0'),
(70, 9, 6, '0'),
(71, 9, 7, '0'),
(72, 9, 8, '0'),
(73, 10, 1, '0'),
(74, 10, 2, '0'),
(75, 10, 3, '0'),
(76, 10, 4, '0'),
(77, 10, 5, '0'),
(78, 10, 6, '0'),
(79, 10, 7, '0'),
(80, 10, 8, '0'),
(81, 11, 1, '0'),
(82, 11, 2, '0'),
(83, 11, 3, '0'),
(84, 11, 4, '0'),
(85, 11, 5, '0'),
(86, 11, 6, '0'),
(87, 11, 7, '0'),
(88, 11, 8, '0'),
(89, 12, 1, '0'),
(90, 12, 2, '0'),
(91, 12, 3, '0'),
(92, 12, 4, '0'),
(93, 12, 5, '0'),
(94, 12, 6, '0'),
(95, 12, 7, '0'),
(96, 12, 8, '0'),
(97, 13, 1, '0'),
(98, 13, 2, '0'),
(99, 13, 3, '0'),
(100, 13, 4, '0'),
(101, 13, 5, '0'),
(102, 13, 6, '0'),
(103, 13, 7, '0'),
(104, 13, 8, '0'),
(105, 14, 1, '0'),
(106, 14, 2, '0'),
(107, 14, 3, '0'),
(108, 14, 4, '0'),
(109, 14, 5, '0'),
(110, 14, 6, '0'),
(111, 14, 7, '0'),
(112, 14, 8, '0'),
(113, 15, 1, '0'),
(114, 15, 2, '0'),
(115, 15, 3, '0'),
(116, 15, 4, '0'),
(117, 15, 5, '0'),
(118, 15, 6, '0'),
(119, 15, 7, '0'),
(120, 15, 8, '0'),
(121, 16, 1, '0'),
(122, 16, 2, '0'),
(123, 16, 3, '0'),
(124, 16, 4, '0'),
(125, 16, 5, '0'),
(126, 16, 6, '0'),
(127, 16, 7, '0'),
(128, 16, 8, '0'),
(129, 17, 1, '0'),
(130, 17, 2, '0'),
(131, 17, 3, '0'),
(132, 17, 4, '0'),
(133, 17, 5, '0'),
(134, 17, 6, '0'),
(135, 17, 7, '0'),
(136, 17, 8, '0'),
(137, 18, 1, '0'),
(138, 18, 2, '0'),
(139, 18, 3, '0'),
(140, 18, 4, '0'),
(141, 18, 5, '0'),
(142, 18, 6, '0'),
(143, 18, 7, '0'),
(144, 18, 8, '0'),
(145, 19, 1, '0'),
(146, 19, 2, '0'),
(147, 19, 3, '0'),
(148, 19, 4, '0'),
(149, 19, 5, '0'),
(150, 19, 6, '0'),
(151, 19, 7, '0'),
(152, 19, 8, '0'),
(153, 20, 1, '0'),
(154, 20, 2, '0'),
(155, 20, 3, '0'),
(156, 20, 4, '0'),
(157, 20, 5, '0'),
(158, 20, 6, '0'),
(159, 20, 7, '0'),
(160, 20, 8, '0'),
(161, 21, 1, '0'),
(162, 21, 2, '0'),
(163, 21, 3, '0'),
(164, 21, 4, '0'),
(165, 21, 5, '0'),
(166, 21, 6, '0'),
(167, 21, 7, '0'),
(168, 21, 8, '0'),
(169, 22, 1, '0'),
(170, 22, 2, '0'),
(171, 22, 3, '0'),
(172, 22, 4, '0'),
(173, 22, 5, '0'),
(174, 22, 6, '0'),
(175, 22, 7, '0'),
(176, 22, 8, '0'),
(177, 23, 1, '0'),
(178, 23, 2, '0'),
(179, 23, 3, '0'),
(180, 23, 4, '0'),
(181, 23, 5, '0'),
(182, 23, 6, '0'),
(183, 23, 7, '0'),
(184, 23, 8, '0'),
(185, 24, 1, '0'),
(186, 24, 2, '0'),
(187, 24, 3, '0'),
(188, 24, 4, '0'),
(189, 24, 5, '0'),
(190, 24, 6, '0'),
(191, 24, 7, '0'),
(192, 24, 8, '0'),
(193, 25, 1, '0'),
(194, 25, 2, '0'),
(195, 25, 3, '0'),
(196, 25, 4, '0'),
(197, 25, 5, '0'),
(198, 25, 6, '0'),
(199, 25, 7, '0'),
(200, 25, 8, '0'),
(201, 26, 1, '0'),
(202, 26, 2, '0'),
(203, 26, 3, '0'),
(204, 26, 4, '0'),
(205, 26, 5, '0'),
(206, 26, 6, '0'),
(207, 26, 7, '0'),
(208, 26, 8, '0'),
(209, 27, 1, '0'),
(210, 27, 2, '0'),
(211, 27, 3, '0'),
(212, 27, 4, '0'),
(213, 27, 5, '0'),
(214, 27, 6, '0'),
(215, 27, 7, '0'),
(216, 27, 8, '0'),
(217, 28, 1, '0'),
(218, 28, 2, '0'),
(219, 28, 3, '0'),
(220, 28, 4, '0'),
(221, 28, 5, '0'),
(222, 28, 6, '0'),
(223, 28, 7, '0'),
(224, 28, 8, '0'),
(225, 29, 1, '0'),
(226, 29, 2, '0'),
(227, 29, 3, '0'),
(228, 29, 4, '0'),
(229, 29, 5, '0'),
(230, 29, 6, '0'),
(231, 29, 7, '0'),
(232, 29, 8, '0'),
(233, 30, 1, '0'),
(234, 30, 2, '0'),
(235, 30, 3, '0'),
(236, 30, 4, '0'),
(237, 30, 5, '0'),
(238, 30, 6, '0'),
(239, 30, 7, '0'),
(240, 30, 8, '0'),
(241, 31, 1, '0'),
(242, 31, 2, '0'),
(243, 31, 3, '0'),
(244, 31, 4, '0'),
(245, 31, 5, '0'),
(246, 31, 6, '0'),
(247, 31, 7, '0'),
(248, 31, 8, '0'),
(249, 32, 1, '0'),
(250, 32, 2, '0'),
(251, 32, 3, '0'),
(252, 32, 4, '0'),
(253, 32, 5, '0'),
(254, 32, 6, '0'),
(255, 32, 7, '0'),
(256, 32, 8, '0'),
(257, 33, 1, '0'),
(258, 33, 2, '0'),
(259, 33, 3, '0'),
(260, 33, 4, '0'),
(261, 33, 5, '0'),
(262, 33, 6, '0'),
(263, 33, 7, '0'),
(264, 33, 8, '0'),
(265, 34, 1, '0'),
(266, 34, 2, '0'),
(267, 34, 3, '0'),
(268, 34, 4, '0'),
(269, 34, 5, '0'),
(270, 34, 6, '0'),
(271, 34, 7, '0'),
(272, 34, 8, '0'),
(273, 35, 1, '0'),
(274, 35, 2, '0'),
(275, 35, 3, '0'),
(276, 35, 4, '0'),
(277, 35, 5, '0'),
(278, 35, 6, '0'),
(279, 35, 7, '0'),
(280, 35, 8, '0'),
(281, 36, 1, '0'),
(282, 36, 2, '0'),
(283, 36, 3, '0'),
(284, 36, 4, '0'),
(285, 36, 5, '0'),
(286, 36, 6, '0'),
(287, 36, 7, '0'),
(288, 36, 8, '0'),
(289, 37, 1, '0'),
(290, 37, 2, '0'),
(291, 37, 3, '0'),
(292, 37, 4, '0'),
(293, 37, 5, '0'),
(294, 37, 6, '0'),
(295, 37, 7, '0'),
(296, 37, 8, '0'),
(297, 38, 1, '0'),
(298, 38, 2, '0'),
(299, 38, 3, '0'),
(300, 38, 4, '0'),
(301, 38, 5, '0'),
(302, 38, 6, '0'),
(303, 38, 7, '0'),
(304, 38, 8, '0'),
(305, 39, 1, '0'),
(306, 39, 2, '0'),
(307, 39, 3, '0'),
(308, 39, 4, '0'),
(309, 39, 5, '0'),
(310, 39, 6, '0'),
(311, 39, 7, '0'),
(312, 39, 8, '0'),
(313, 40, 1, '0'),
(314, 40, 2, '0'),
(315, 40, 3, '0'),
(316, 40, 4, '0'),
(317, 40, 5, '0'),
(318, 40, 6, '0'),
(319, 40, 7, '0'),
(320, 40, 8, '0'),
(321, 41, 1, '0'),
(322, 41, 2, '0'),
(323, 41, 3, '0'),
(324, 41, 4, '0'),
(325, 41, 5, '0'),
(326, 41, 6, '0'),
(327, 41, 7, '0'),
(328, 41, 8, '0'),
(329, 42, 1, '0'),
(330, 42, 2, '0'),
(331, 42, 3, '0'),
(332, 42, 4, '0'),
(333, 42, 5, '0'),
(334, 42, 6, '0'),
(335, 42, 7, '0'),
(336, 42, 8, '0'),
(337, 43, 1, '0'),
(338, 43, 2, '0'),
(339, 43, 3, '0'),
(340, 43, 4, '0'),
(341, 43, 5, '0'),
(342, 43, 6, '0'),
(343, 43, 7, '0'),
(344, 43, 8, '0'),
(345, 44, 1, '0'),
(346, 44, 2, '0'),
(347, 44, 3, '0'),
(348, 44, 4, '0'),
(349, 44, 5, '0'),
(350, 44, 6, '0'),
(351, 44, 7, '0'),
(352, 44, 8, '0'),
(353, 45, 1, '0'),
(354, 45, 2, '0'),
(355, 45, 3, '0'),
(356, 45, 4, '0'),
(357, 45, 5, '0'),
(358, 45, 6, '0'),
(359, 45, 7, '0'),
(360, 45, 8, '0'),
(361, 46, 1, '0'),
(362, 46, 2, '0'),
(363, 46, 3, '0'),
(364, 46, 4, '0'),
(365, 46, 5, '0'),
(366, 46, 6, '0'),
(367, 46, 7, '0'),
(368, 46, 8, '0'),
(369, 47, 1, '0'),
(370, 47, 2, '0'),
(371, 47, 3, '0'),
(372, 47, 4, '0'),
(373, 47, 5, '0'),
(374, 47, 6, '0'),
(375, 47, 7, '0'),
(376, 47, 8, '0'),
(377, 48, 1, '0'),
(378, 48, 2, '0'),
(379, 48, 3, '0'),
(380, 48, 4, '0'),
(381, 48, 5, '0'),
(382, 48, 6, '0'),
(383, 48, 7, '0'),
(384, 48, 8, '0'),
(385, 49, 1, '0'),
(386, 49, 2, '0'),
(387, 49, 3, '0'),
(388, 49, 4, '0'),
(389, 49, 5, '0'),
(390, 49, 6, '0'),
(391, 49, 7, '0'),
(392, 49, 8, '0'),
(393, 50, 1, '0'),
(394, 50, 2, '0'),
(395, 50, 3, '0'),
(396, 50, 4, '0'),
(397, 50, 5, '0'),
(398, 50, 6, '0'),
(399, 50, 7, '0'),
(400, 50, 8, '0'),
(401, 51, 1, '0'),
(402, 51, 2, '0'),
(403, 51, 3, '0'),
(404, 51, 4, '0'),
(405, 51, 5, '0'),
(406, 51, 6, '0'),
(407, 51, 7, '0'),
(408, 51, 8, '0'),
(409, 52, 1, '0'),
(410, 52, 2, '0'),
(411, 52, 3, '0'),
(412, 52, 4, '0'),
(413, 52, 5, '0'),
(414, 52, 6, '0'),
(415, 52, 7, '0'),
(416, 52, 8, '0'),
(417, 53, 1, '0'),
(418, 53, 2, '0'),
(419, 53, 3, '0'),
(420, 53, 4, '0'),
(421, 53, 5, '0'),
(422, 53, 6, '0'),
(423, 53, 7, '0'),
(424, 53, 8, '0'),
(425, 54, 1, '0'),
(426, 54, 2, '0'),
(427, 54, 3, '0'),
(428, 54, 4, '0'),
(429, 54, 5, '0'),
(430, 54, 6, '0'),
(431, 54, 7, '0'),
(432, 54, 8, '0'),
(433, 55, 1, '0'),
(434, 55, 2, '0'),
(435, 55, 3, '0'),
(436, 55, 4, '0'),
(437, 55, 5, '0'),
(438, 55, 6, '0'),
(439, 55, 7, '0'),
(440, 55, 8, '0'),
(441, 56, 1, '0'),
(442, 56, 2, '0'),
(443, 56, 3, '0'),
(444, 56, 4, '0'),
(445, 56, 5, '0'),
(446, 56, 6, '0'),
(447, 56, 7, '0'),
(448, 56, 8, '0'),
(449, 57, 1, '0'),
(450, 57, 2, '0'),
(451, 57, 3, '0'),
(452, 57, 4, '0'),
(453, 57, 5, '0'),
(454, 57, 6, '0'),
(455, 57, 7, '0'),
(456, 57, 8, '0'),
(457, 58, 1, '0'),
(458, 58, 2, '0'),
(459, 58, 3, '0'),
(460, 58, 4, '0'),
(461, 58, 5, '0'),
(462, 58, 6, '0'),
(463, 58, 7, '0'),
(464, 58, 8, '0'),
(465, 59, 1, '0'),
(466, 59, 2, '0'),
(467, 59, 3, '0'),
(468, 59, 4, '0'),
(469, 59, 5, '0'),
(470, 59, 6, '0'),
(471, 59, 7, '0'),
(472, 59, 8, '0'),
(473, 60, 1, '0'),
(474, 60, 2, '0'),
(475, 60, 3, '0'),
(476, 60, 4, '0'),
(477, 60, 5, '0'),
(478, 60, 6, '0'),
(479, 60, 7, '0'),
(480, 60, 8, '0');

-- --------------------------------------------------------

--
-- Structure de la table `memorisation`
--

CREATE TABLE IF NOT EXISTS `memorisation` (
  `idMemorisation` int(11) NOT NULL AUTO_INCREMENT,
  `idEtudiant` int(11) NOT NULL,
  `idSurah` int(11) NOT NULL DEFAULT '0',
  `idHizbHuitieme` int(11) NOT NULL DEFAULT '0',
  `remarque` varchar(40) COLLATE utf8_unicode_ci NOT NULL,
  `date` timestamp NOT NULL DEFAULT CURRENT_TIMESTAMP,
  `souratMemoriser` tinyint(1) NOT NULL DEFAULT '0',
  `remarqueM` varchar(40) COLLATE utf8_unicode_ci DEFAULT NULL,
  `dateM` timestamp NULL DEFAULT NULL,
  PRIMARY KEY (`idMemorisation`)
) ENGINE=MyISAM  DEFAULT CHARSET=utf8 COLLATE=utf8_unicode_ci AUTO_INCREMENT=4 ;

--
-- Contenu de la table `memorisation`
--

INSERT INTO `memorisation` (`idMemorisation`, `idEtudiant`, `idSurah`, `idHizbHuitieme`, `remarque`, `date`, `souratMemoriser`, `remarqueM`, `dateM`) VALUES
(1, 3, 28, 0, 'جيدة', '2023-03-26 14:24:09', 0, NULL, '2023-03-26 14:24:09'),
(2, 3, 29, 0, 'حسنة', '2023-03-26 14:24:09', 1, NULL, '2023-03-26 14:24:09'),
(3, 3, 0, 2, 'ممتازة', '2023-03-28 14:47:18', 0, NULL, '2023-03-28 14:47:18');

-- --------------------------------------------------------

--
-- Structure de la table `surah`
--

CREATE TABLE IF NOT EXISTS `surah` (
  `id` int(3) NOT NULL AUTO_INCREMENT,
  `arabic` varchar(128) COLLATE utf8_unicode_ci NOT NULL,
  `ayah` int(3) NOT NULL,
  PRIMARY KEY (`id`),
  UNIQUE KEY `id` (`id`)
) ENGINE=MyISAM  DEFAULT CHARSET=utf8 COLLATE=utf8_unicode_ci AUTO_INCREMENT=115 ;

--
-- Contenu de la table `surah`
--

INSERT INTO `surah` (`id`, `arabic`, `ayah`) VALUES
(1, 'سورة الفاتحة', 7),
(2, 'سورة البقرة', 286),
(3, 'سورة آل عمران', 200),
(4, 'سورة النساء', 176),
(5, 'سورة المائدة', 120),
(6, 'سورة الأنعام', 165),
(7, 'سورة الأعراف', 206),
(8, 'سورة الأنفال', 75),
(9, 'سورة التوبة', 129),
(10, 'سورة يونس', 109),
(11, 'سورة هود', 123),
(12, 'سورة يوسف', 111),
(13, 'سورة الرعد', 43),
(14, 'سورة إبراهيم', 52),
(15, 'سورة الحجر', 99),
(16, 'سورة النحل', 128),
(17, 'سورة الإسراء', 111),
(18, 'سورة الكهف', 110),
(19, 'سورة مريم', 98),
(20, 'سورة طه', 135),
(21, 'سورة الأنبياء', 112),
(22, 'سورة الحج', 78),
(23, 'سورة المؤمنون', 118),
(24, 'سورة النور', 64),
(25, 'سورة الفرقان', 77),
(26, 'سورة الشعراء', 227),
(27, 'سورة النمل', 93),
(28, 'سورة القصص', 88),
(29, 'سورة العنكبوت', 69),
(30, 'سورة الروم', 60),
(31, 'سورة لقمان', 34),
(32, 'سورة السجدة', 30),
(33, 'سورة الأحزاب', 73),
(34, 'سورة سبأ', 54),
(35, 'سورة فاطر', 45),
(36, 'سورة يس', 83),
(37, 'سورة الصافات', 182),
(38, 'سورة ص', 88),
(39, 'سورة الزمر', 75),
(40, 'سورة غافر', 85),
(41, 'سورة فصلت', 54),
(42, 'سورة الشورى', 53),
(43, 'سورة الزخرف', 89),
(44, 'سورة الدخان', 59),
(45, 'سورة الجاثية', 37),
(46, 'سورة الأحقاف', 35),
(47, 'سورة محمد', 38),
(48, 'سورة الفتح', 29),
(49, 'سورة الحجرات', 18),
(50, 'سورة ق', 45),
(51, 'سورة الذاريات', 60),
(52, 'سورة الطور', 49),
(53, 'سورة النجم', 62),
(54, 'سورة القمر', 55),
(55, 'سورة الرحمن', 78),
(56, 'سورة الواقعة', 96),
(57, 'سورة الحديد', 29),
(58, 'سورة المجادلة', 22),
(59, 'سورة الحشر', 24),
(60, 'سورة الممتحنة', 13),
(61, 'سورة الصف', 14),
(62, 'سورة الجمعة', 11),
(63, 'سورة المنافقون', 11),
(64, 'سورة التغابن', 18),
(65, 'سورة الطلاق', 12),
(66, 'سورة التحريم', 12),
(67, 'سورة الملك', 30),
(68, 'سورة القلم', 52),
(69, 'سورة الحاقة', 52),
(70, 'سورة المعارج', 44),
(71, 'سورة نوح', 28),
(72, 'سورة الجن', 28),
(73, 'سورة المزمل', 20),
(74, 'سورة المدثر', 56),
(75, 'سورة القيامة', 40),
(76, 'سورة الإنسان', 31),
(77, 'سورة المرسلات', 50),
(78, 'سورة النبأ', 40),
(79, 'سورة النازعات', 46),
(80, 'سورة عبس', 42),
(81, 'سورة التكوير', 29),
(82, 'سورة الإنفطار', 19),
(83, 'سورة المطففين', 36),
(84, 'سورة الانشقاق', 25),
(85, 'سورة البروج', 22),
(86, 'سورة الطارق', 17),
(87, 'سورة الأعلى', 19),
(88, 'سورة الغاشية', 26),
(89, 'سورة الفجر', 30),
(90, 'سورة البلد', 20),
(91, 'سورة الشمس', 15),
(92, 'سورة الليل', 21),
(93, 'سورة الضحى', 11),
(94, 'سورة الشرح', 8),
(95, 'سورة التين', 8),
(96, 'سورة العلق', 19),
(97, 'سورة القدر', 5),
(98, 'سورة البينة', 8),
(99, 'سورة الزلزلة', 8),
(100, 'سورة العاديات', 11),
(101, 'سورة القارعة', 11),
(102, 'سورة التكاثر', 8),
(103, 'سورة العصر', 3),
(104, 'سورة الهمزة', 9),
(105, 'سورة الفيل', 5),
(106, 'سورة قريش', 4),
(107, 'سورة الماعون', 7),
(108, 'سورة الكوثر', 3),
(109, 'سورة الكافرون', 6),
(110, 'سورة النصر', 3),
(111, 'سورة المسد', 5),
(112, 'سورة الإخلاص', 4),
(113, 'سورة الفلق', 5),
(114, 'سورة الناس', 6);
COMMIT;

/*!40101 SET CHARACTER_SET_CLIENT=@OLD_CHARACTER_SET_CLIENT */;
/*!40101 SET CHARACTER_SET_RESULTS=@OLD_CHARACTER_SET_RESULTS */;
/*!40101 SET COLLATION_CONNECTION=@OLD_COLLATION_CONNECTION */;
